event_id,replayed_at,replay_result,duplicate_detected,manually_triggered
EVT_004634,2024-05-23T11:14:23Z,duplicate_skipped,False,True
EVT_001206,2024-05-25T12:20:17Z,duplicate_skipped,False,True
EVT_002894,2024-05-23T13:26:39Z,duplicate_skipped,False,True
EVT_002210,2024-03-05T21:25:13Z,failed,False,True
EVT_004653,2024-03-22T16:33:52Z,duplicate_skipped,True,True
EVT_002817,2024-01-25T22:41:04Z,success,False,True
EVT_003430,2024-06-05T14:39:56Z,duplicate_skipped,False,False
EVT_004077,2024-04-22T22:45:40Z,duplicate_skipped,True,False
EVT_000047,2024-06-02T19:50:10Z,duplicate_skipped,True,True
EVT_000571,2024-01-10T06:27:49Z,pending,False,False
EVT_001961,2024-02-27T12:46:23Z,success,False,True
EVT_000638,2024-04-07T03:58:53Z,duplicate_skipped,True,True
EVT_002022,2024-06-01T10:50:16Z,duplicate_skipped,False,True
EVT_004146,2024-06-28T03:20:35Z,duplicate_skipped,False,True
EVT_003579,2024-05-03T22:25:38Z,failed,False,True
EVT_004658,2024-04-13T17:04:04Z,duplicate_skipped,False,False
EVT_000834,2024-05-29T10:29:52Z,duplicate_skipped,True,False
EVT_000097,2024-05-13T00:35:05Z,pending,False,False
EVT_000143,2024-03-21T16:44:01Z,success,False,False
EVT_004723,2024-01-20T16:42:31Z,duplicate_skipped,False,False
EVT_004698,2024-02-02T04:50:43Z,duplicate_skipped,False,True
EVT_000755,2024-03-17T02:33:17Z,failed,False,True
EVT_000349,2024-01-11T07:08:11Z,duplicate_skipped,True,True
EVT_002861,2024-04-04T00:52:07Z,failed,False,True
EVT_003701,2024-01-13T08:20:02Z,success,False,False
EVT_001201,2024-05-17T13:29:28Z,pending,False,True
EVT_001092,2024-02-01T17:24:36Z,success,False,False
EVT_004621,2024-04-24T04:00:03Z,pending,False,True
EVT_004942,2024-01-17T17:13:34Z,success,False,True
EVT_000040,2024-01-26T04:51:16Z,success,False,False
EVT_001496,2024-06-09T08:29:55Z,duplicate_skipped,False,True
EVT_002458,2024-01-18T18:42:49Z,duplicate_skipped,False,True
EVT_001312,2024-05-02T11:58:16Z,failed,False,False
EVT_003328,2024-01-20T08:48:25Z,success,False,True
EVT_001772,2024-03-04T14:47:58Z,failed,False,True
EVT_000405,2024-05-09T01:36:37Z,duplicate_skipped,False,True
EVT_001789,2024-04-23T01:13:31Z,duplicate_skipped,False,True
EVT_004110,2024-06-16T04:20:37Z,success,False,True
EVT_002604,2024-01-05T03:11:07Z,duplicate_skipped,False,True
EVT_004372,2024-06-17T09:42:51Z,failed,False,False
EVT_003301,2024-04-20T05:28:02Z,pending,False,False
EVT_001484,2024-06-28T05:20:49Z,duplicate_skipped,True,True
EVT_004806,2024-05-26T13:42:49Z,duplicate_skipped,False,True
EVT_002061,2024-01-24T10:25:43Z,success,False,True
EVT_001599,2024-03-03T03:07:49Z,failed,False,True
EVT_001953,2024-03-23T01:29:51Z,pending,False,True
EVT_004410,2024-01-27T06:34:10Z,duplicate_skipped,False,True
EVT_001860,2024-04-02T03:57:06Z,success,False,True
EVT_002313,2024-03-29T17:41:03Z,duplicate_skipped,False,False
EVT_001996,2024-01-27T15:17:09Z,success,False,False
EVT_001045,2024-03-26T09:33:11Z,duplicate_skipped,False,True
EVT_004759,2024-04-02T20:28:59Z,duplicate_skipped,True,True
EVT_001070,2024-02-01T05:13:02Z,pending,False,True
EVT_004711,2024-03-31T21:31:28Z,success,False,True
EVT_001545,2024-06-13T02:18:52Z,failed,False,True
EVT_003270,2024-05-06T10:00:24Z,duplicate_skipped,False,True
EVT_003578,2024-06-12T14:14:12Z,success,False,True
EVT_002196,2024-03-11T12:30:24Z,pending,False,True
EVT_004153,2024-01-10T19:53:38Z,duplicate_skipped,True,True
EVT_003338,2024-03-18T09:55:24Z,success,False,True
EVT_003276,2024-06-27T06:20:48Z,duplicate_skipped,False,True
EVT_001805,2024-03-15T15:33:45Z,duplicate_skipped,True,True
EVT_002410,2024-02-13T05:04:21Z,success,False,False
EVT_002927,2024-04-16T05:38:51Z,duplicate_skipped,False,False
EVT_000337,2024-02-27T12:56:53Z,pending,False,False
EVT_004106,2024-04-23T11:44:41Z,duplicate_skipped,True,False
EVT_004253,2024-06-18T20:31:49Z,pending,False,True
EVT_001552,2024-02-18T22:02:16Z,duplicate_skipped,True,True
EVT_004576,2024-06-12T16:35:01Z,pending,False,True
EVT_003025,2024-02-02T05:01:47Z,success,False,True
EVT_004240,2024-01-25T13:27:13Z,pending,False,False
EVT_004559,2024-05-18T05:51:43Z,success,False,True
EVT_002203,2024-03-07T03:05:15Z,duplicate_skipped,False,True
EVT_002380,2024-03-26T07:26:01Z,pending,False,False
EVT_001605,2024-01-06T19:40:36Z,failed,False,False
EVT_002221,2024-03-22T00:02:09Z,success,False,False
EVT_002217,2024-07-02T05:04:03Z,failed,False,True
EVT_000110,2024-03-27T19:59:47Z,duplicate_skipped,False,False
EVT_001294,2024-05-26T07:33:44Z,failed,False,False
EVT_002225,2024-03-03T12:55:26Z,pending,False,True
EVT_003371,2024-01-14T20:10:16Z,failed,False,False
EVT_001626,2024-06-21T23:27:04Z,duplicate_skipped,True,False
EVT_003291,2024-04-12T21:10:50Z,duplicate_skipped,True,False
EVT_001255,2024-04-12T12:20:39Z,success,False,True
EVT_000909,2024-01-21T09:32:30Z,duplicate_skipped,False,False
EVT_000971,2024-04-21T06:01:28Z,pending,False,True
EVT_003531,2024-02-03T00:50:58Z,pending,False,False
EVT_001895,2024-01-19T10:29:06Z,success,False,True
EVT_000731,2024-01-06T15:02:54Z,pending,False,False
EVT_000677,2024-03-10T11:02:08Z,failed,False,True
EVT_002887,2024-02-29T15:46:59Z,success,False,False
EVT_001069,2024-06-06T09:11:46Z,duplicate_skipped,False,True
EVT_003222,2024-04-10T16:34:27Z,duplicate_skipped,False,False
EVT_003203,2024-03-30T00:00:01Z,duplicate_skipped,False,True
EVT_001901,2024-06-28T11:41:39Z,duplicate_skipped,False,True
EVT_002618,2024-06-29T10:02:29Z,failed,False,True
EVT_004078,2024-03-10T20:23:47Z,duplicate_skipped,True,True
EVT_000510,2024-04-30T21:49:09Z,duplicate_skipped,True,True
EVT_004966,2024-05-17T10:15:46Z,success,False,True
EVT_003631,2024-04-05T16:49:10Z,success,False,False
EVT_003994,2024-05-03T13:56:37Z,failed,False,True
EVT_001705,2024-06-12T01:01:34Z,duplicate_skipped,True,True
EVT_003641,2024-05-14T04:42:43Z,duplicate_skipped,False,False
EVT_001576,2024-02-06T08:31:28Z,failed,False,True
EVT_004262,2024-02-15T21:16:05Z,duplicate_skipped,False,True
EVT_000719,2024-01-12T00:37:52Z,duplicate_skipped,False,False
EVT_000286,2024-06-28T19:58:11Z,success,False,True
EVT_004045,2024-03-17T12:14:38Z,pending,False,True
EVT_002300,2024-05-06T15:50:12Z,success,False,True
EVT_003033,2024-06-20T09:35:48Z,success,False,True
EVT_001220,2024-06-16T12:36:16Z,duplicate_skipped,True,False
EVT_004023,2024-06-25T19:50:04Z,pending,False,True
EVT_002847,2024-06-16T19:03:44Z,duplicate_skipped,True,False
EVT_004217,2024-02-09T07:06:39Z,failed,False,False
EVT_004440,2024-04-30T10:40:49Z,failed,False,True
EVT_000157,2024-02-02T16:14:34Z,success,False,True
EVT_000332,2024-02-20T13:04:26Z,duplicate_skipped,False,False
EVT_002588,2024-01-28T07:12:39Z,pending,False,False
EVT_003535,2024-04-11T02:46:20Z,pending,False,False
EVT_002696,2024-05-24T16:16:26Z,duplicate_skipped,False,False
EVT_002959,2024-03-30T16:30:50Z,failed,False,False
EVT_000778,2024-06-04T19:30:05Z,failed,False,True
EVT_002592,2024-02-24T13:32:16Z,duplicate_skipped,False,True
EVT_002010,2024-03-24T02:04:32Z,success,False,True
EVT_004633,2024-03-10T10:25:01Z,duplicate_skipped,True,True
EVT_000580,2024-03-15T00:14:17Z,pending,False,True
EVT_002629,2024-04-14T21:53:54Z,pending,False,False
EVT_002528,2024-05-10T14:15:06Z,success,False,True
EVT_002060,2024-06-15T02:08:22Z,success,False,False
EVT_004875,2024-04-20T19:21:41Z,duplicate_skipped,False,False
EVT_002343,2024-02-08T00:52:02Z,duplicate_skipped,False,False
EVT_003668,2024-01-31T18:30:48Z,pending,False,False
EVT_000630,2024-04-18T20:44:16Z,pending,False,True
EVT_004248,2024-04-06T02:18:23Z,failed,False,False
EVT_004883,2024-02-21T21:14:57Z,success,False,False
EVT_002283,2024-06-20T21:28:58Z,success,False,True
EVT_001801,2024-01-05T09:36:10Z,success,False,False
EVT_000399,2024-03-03T09:06:25Z,pending,False,True
EVT_000207,2024-06-14T06:27:48Z,duplicate_skipped,False,True
EVT_001352,2024-03-24T18:38:29Z,pending,False,True
EVT_000480,2024-07-01T15:50:14Z,duplicate_skipped,True,True
EVT_004587,2024-01-10T16:02:52Z,duplicate_skipped,False,True
EVT_002274,2024-02-02T00:54:15Z,duplicate_skipped,False,True
EVT_000054,2024-04-11T14:09:14Z,failed,False,True
EVT_004238,2024-03-13T13:57:44Z,duplicate_skipped,False,True
EVT_000386,2024-01-28T15:59:16Z,success,False,False
EVT_002533,2024-01-16T16:23:18Z,success,False,True
EVT_002633,2024-05-08T01:43:44Z,failed,False,True
EVT_004260,2024-03-11T16:56:31Z,duplicate_skipped,False,True
EVT_001885,2024-05-27T04:52:54Z,failed,False,False
EVT_003191,2024-03-04T21:24:49Z,pending,False,False
EVT_000947,2024-01-25T02:06:05Z,success,False,False
EVT_004388,2024-04-13T01:04:40Z,duplicate_skipped,False,False
EVT_004191,2024-02-13T16:52:00Z,duplicate_skipped,True,False
EVT_000564,2024-05-17T22:52:04Z,failed,False,False
EVT_000716,2024-06-13T00:48:01Z,failed,False,True
EVT_000643,2024-02-07T16:05:11Z,success,False,False
EVT_002974,2024-01-02T11:11:33Z,failed,False,True
EVT_003795,2024-02-10T22:56:29Z,success,False,True
EVT_001774,2024-03-01T19:17:47Z,success,False,False
EVT_004492,2024-06-22T01:46:19Z,failed,False,True
EVT_001547,2024-02-12T23:06:13Z,pending,False,False
EVT_002558,2024-05-24T10:43:16Z,failed,False,False
EVT_001707,2024-04-13T03:49:12Z,duplicate_skipped,True,True
EVT_000295,2024-02-14T03:46:35Z,success,False,True
EVT_002085,2024-06-26T00:46:05Z,success,False,True
EVT_001381,2024-04-04T12:43:32Z,pending,False,False
EVT_002746,2024-06-04T18:16:36Z,success,False,True
EVT_001739,2024-02-25T21:36:32Z,success,False,False
EVT_000206,2024-02-20T23:46:05Z,failed,False,True
EVT_003846,2024-02-28T14:12:58Z,pending,False,True
EVT_000940,2024-05-10T14:29:22Z,success,False,True
EVT_000191,2024-05-17T05:53:04Z,duplicate_skipped,True,False
EVT_004137,2024-03-24T16:38:53Z,failed,False,True
EVT_002768,2024-06-11T16:00:10Z,pending,False,True
EVT_000374,2024-04-23T01:52:23Z,pending,False,False
EVT_001003,2024-04-03T07:36:53Z,pending,False,True
EVT_003835,2024-01-26T15:58:34Z,duplicate_skipped,False,False
EVT_000400,2024-03-28T00:16:58Z,success,False,False
EVT_000222,2024-04-08T03:40:49Z,success,False,False
EVT_003258,2024-06-27T01:56:27Z,duplicate_skipped,True,True
EVT_003756,2024-01-14T01:53:13Z,duplicate_skipped,True,False
EVT_001492,2024-04-19T16:54:00Z,pending,False,False
EVT_001102,2024-02-09T14:22:36Z,duplicate_skipped,False,False
EVT_001809,2024-02-22T07:10:26Z,failed,False,False
EVT_003860,2024-02-09T16:56:35Z,pending,False,True
EVT_001333,2024-03-24T00:48:39Z,pending,False,True
EVT_004012,2024-02-08T16:39:03Z,duplicate_skipped,False,True
EVT_002266,2024-02-05T04:20:53Z,pending,False,True
EVT_001083,2024-01-15T15:27:32Z,pending,False,True
EVT_003861,2024-01-23T05:43:03Z,duplicate_skipped,True,False
EVT_003986,2024-01-18T06:07:56Z,duplicate_skipped,False,True
EVT_001047,2024-06-05T00:20:09Z,duplicate_skipped,False,True
EVT_000516,2024-02-20T05:28:04Z,failed,False,False
EVT_004315,2024-04-22T05:28:53Z,pending,False,False
EVT_000641,2024-01-24T16:04:20Z,pending,False,True
EVT_000326,2024-06-09T05:58:38Z,failed,False,True
EVT_001986,2024-01-19T21:57:54Z,pending,False,True
EVT_003549,2024-05-03T15:21:02Z,failed,False,True
EVT_000155,2024-04-27T23:05:09Z,duplicate_skipped,False,True
EVT_002736,2024-03-01T14:49:34Z,failed,False,True
EVT_000093,2024-05-11T21:17:17Z,duplicate_skipped,True,True
EVT_001921,2024-03-25T01:45:49Z,duplicate_skipped,False,False
EVT_004755,2024-05-10T15:31:33Z,duplicate_skipped,False,True
EVT_003327,2024-04-10T00:24:46Z,pending,False,True
EVT_003350,2024-06-06T08:11:19Z,success,False,False
EVT_000743,2024-05-27T05:06:34Z,pending,False,True
EVT_004789,2024-03-07T05:55:09Z,failed,False,False
EVT_003559,2024-03-16T12:25:06Z,duplicate_skipped,False,True
EVT_004970,2024-01-04T15:05:36Z,pending,False,False
EVT_000209,2024-03-02T13:52:10Z,duplicate_skipped,False,False
EVT_004399,2024-05-06T10:47:18Z,pending,False,True
EVT_001619,2024-01-12T12:22:16Z,pending,False,False
EVT_004909,2024-05-11T19:54:09Z,duplicate_skipped,True,False
EVT_001475,2024-01-24T03:30:50Z,pending,False,False
EVT_001695,2024-03-31T00:37:05Z,duplicate_skipped,True,True
EVT_000817,2024-03-03T13:06:33Z,duplicate_skipped,True,True
EVT_002460,2024-04-24T04:33:57Z,failed,False,False
EVT_002893,2024-04-17T12:19:45Z,success,False,True
EVT_001821,2024-03-02T22:24:33Z,failed,False,True
EVT_001428,2024-02-22T03:20:31Z,pending,False,True
EVT_001071,2024-06-01T04:59:15Z,duplicate_skipped,True,False
EVT_000241,2024-01-19T22:48:43Z,duplicate_skipped,False,True
EVT_004614,2024-04-13T15:10:40Z,pending,False,False
EVT_001974,2024-03-25T03:26:25Z,duplicate_skipped,False,False
EVT_004416,2024-06-27T05:16:03Z,success,False,False
EVT_000253,2024-03-03T08:53:59Z,duplicate_skipped,False,False
EVT_004851,2024-04-30T00:12:38Z,duplicate_skipped,True,True
EVT_001959,2024-04-07T07:13:56Z,duplicate_skipped,False,True
EVT_002239,2024-02-28T10:59:26Z,success,False,True
EVT_004902,2024-06-23T07:57:12Z,duplicate_skipped,False,True
EVT_004858,2024-05-24T11:24:34Z,duplicate_skipped,False,False
EVT_003562,2024-01-18T05:39:41Z,failed,False,False
EVT_001078,2024-03-14T01:05:46Z,pending,False,True
EVT_000603,2024-05-07T21:29:48Z,duplicate_skipped,False,False
EVT_004350,2024-02-22T21:58:52Z,duplicate_skipped,False,False
EVT_003830,2024-04-14T21:58:56Z,pending,False,True
EVT_002501,2024-03-29T08:51:33Z,pending,False,False
EVT_001987,2024-06-09T00:37:09Z,failed,False,True
EVT_001984,2024-04-01T19:45:22Z,success,False,False
EVT_001664,2024-05-09T02:38:01Z,duplicate_skipped,False,True
EVT_000514,2024-05-21T16:46:41Z,duplicate_skipped,True,True
EVT_001307,2024-06-12T15:06:22Z,failed,False,True
EVT_003550,2024-01-28T13:51:19Z,duplicate_skipped,False,True
EVT_002712,2024-06-27T03:02:30Z,duplicate_skipped,True,False
EVT_000343,2024-01-07T21:33:31Z,failed,False,True
EVT_004796,2024-05-12T07:32:35Z,duplicate_skipped,True,True
EVT_003428,2024-06-08T03:27:21Z,duplicate_skipped,False,False
EVT_004345,2024-01-31T16:25:22Z,success,False,True
EVT_001577,2024-02-08T12:04:07Z,duplicate_skipped,False,True
EVT_003569,2024-03-03T15:57:15Z,success,False,True
EVT_002541,2024-02-16T15:16:56Z,duplicate_skipped,False,False
EVT_003081,2024-05-24T05:06:34Z,success,False,False
EVT_002598,2024-06-12T13:49:09Z,duplicate_skipped,True,True
EVT_001927,2024-03-15T04:01:03Z,duplicate_skipped,False,True
EVT_004173,2024-02-17T21:36:59Z,success,False,True
EVT_002765,2024-02-11T20:23:06Z,pending,False,True
EVT_000935,2024-02-09T09:27:08Z,failed,False,True
EVT_001529,2024-05-26T01:04:59Z,pending,False,True
EVT_001310,2024-04-12T11:20:59Z,duplicate_skipped,False,False
EVT_002675,2024-04-23T21:43:44Z,failed,False,False
EVT_004871,2024-03-09T12:41:11Z,duplicate_skipped,False,True
EVT_001763,2024-02-01T17:00:08Z,duplicate_skipped,True,True
EVT_001554,2024-06-30T05:23:47Z,failed,False,True
EVT_000967,2024-05-13T18:14:17Z,duplicate_skipped,False,True
EVT_000014,2024-04-01T14:12:25Z,duplicate_skipped,True,True
EVT_001608,2024-03-11T17:07:05Z,duplicate_skipped,True,True
EVT_002253,2024-01-10T09:20:11Z,pending,False,False
EVT_004700,2024-04-21T09:55:18Z,duplicate_skipped,False,True
EVT_004523,2024-01-22T19:16:39Z,pending,False,True
EVT_000926,2024-04-10T14:56:49Z,success,False,False
EVT_002513,2024-06-09T22:09:57Z,pending,False,True
EVT_000776,2024-05-23T02:22:47Z,success,False,True
EVT_002441,2024-05-05T20:00:50Z,duplicate_skipped,False,True
EVT_002496,2024-03-17T04:04:02Z,failed,False,True
EVT_001390,2024-05-02T15:13:56Z,failed,False,False
EVT_003916,2024-01-30T16:21:42Z,failed,False,True
EVT_003589,2024-05-22T19:46:18Z,failed,False,True
EVT_001494,2024-03-12T21:05:10Z,duplicate_skipped,True,False
EVT_001421,2024-05-06T20:03:23Z,pending,False,True
EVT_000371,2024-06-14T17:11:47Z,success,False,False
EVT_003011,2024-05-01T07:00:48Z,duplicate_skipped,False,False
EVT_002320,2024-01-16T02:26:57Z,pending,False,False
EVT_004361,2024-06-05T05:46:58Z,failed,False,True
EVT_002127,2024-05-15T06:15:40Z,success,False,True
EVT_002930,2024-03-12T12:39:01Z,failed,False,True
EVT_001633,2024-05-25T08:15:24Z,success,False,True
EVT_004737,2024-05-20T01:09:49Z,pending,False,True
EVT_004870,2024-03-13T11:51:48Z,success,False,True
EVT_004257,2024-05-25T14:00:48Z,duplicate_skipped,False,False
EVT_004725,2024-03-28T02:12:31Z,success,False,True
EVT_000431,2024-05-03T21:56:50Z,pending,False,False
EVT_000414,2024-02-24T20:59:02Z,duplicate_skipped,False,True
EVT_002480,2024-01-15T10:49:49Z,success,False,True
EVT_004069,2024-01-24T11:23:04Z,failed,False,True
EVT_003212,2024-03-21T01:52:50Z,duplicate_skipped,True,False
EVT_003439,2024-02-15T13:48:39Z,pending,False,False
EVT_003169,2024-03-03T16:54:20Z,success,False,False
EVT_003172,2024-06-07T00:55:03Z,duplicate_skipped,True,False
EVT_004635,2024-03-22T20:55:52Z,failed,False,True
EVT_001442,2024-06-03T10:37:13Z,duplicate_skipped,False,True
EVT_000271,2024-02-12T19:28:46Z,success,False,False
EVT_003955,2024-02-21T05:21:49Z,success,False,True
EVT_004184,2024-04-17T17:25:52Z,duplicate_skipped,True,False
EVT_003214,2024-06-07T14:26:04Z,duplicate_skipped,True,False
EVT_002559,2024-01-23T15:56:18Z,failed,False,True
EVT_001489,2024-04-20T23:53:24Z,pending,False,True
EVT_003987,2024-03-03T06:23:58Z,duplicate_skipped,False,True
EVT_004085,2024-02-19T02:37:56Z,success,False,False
EVT_002413,2024-01-29T14:21:16Z,duplicate_skipped,False,False
EVT_003190,2024-06-27T23:38:16Z,success,False,True
EVT_003484,2024-02-11T11:45:12Z,success,False,True
EVT_000923,2024-03-06T08:59:01Z,failed,False,True
EVT_001810,2024-03-09T10:18:34Z,success,False,True
EVT_000041,2024-04-15T21:11:30Z,success,False,False
EVT_002367,2024-01-20T13:28:43Z,failed,False,False
EVT_000312,2024-06-11T07:03:55Z,duplicate_skipped,False,True
EVT_000127,2024-02-20T07:21:57Z,failed,False,False
EVT_000466,2024-05-10T00:00:48Z,pending,False,True
EVT_004678,2024-04-11T03:31:54Z,pending,False,True
EVT_002095,2024-05-12T22:48:02Z,success,False,True
EVT_003888,2024-01-23T13:00:22Z,failed,False,True
EVT_002511,2024-02-02T09:18:15Z,pending,False,True
EVT_000336,2024-06-22T14:34:39Z,success,False,True
EVT_001958,2024-03-02T14:18:19Z,duplicate_skipped,False,False
EVT_001205,2024-06-08T04:39:26Z,pending,False,True
EVT_004022,2024-06-19T07:19:40Z,failed,False,True
EVT_003064,2024-06-17T14:17:41Z,duplicate_skipped,False,True
EVT_001509,2024-04-14T22:16:40Z,duplicate_skipped,True,False
EVT_002786,2024-01-30T14:47:06Z,success,False,False
EVT_003193,2024-04-21T04:40:52Z,duplicate_skipped,True,True
EVT_003421,2024-04-16T16:51:18Z,failed,False,True
EVT_003039,2024-06-16T05:09:52Z,failed,False,True
EVT_003150,2024-05-02T16:20:51Z,duplicate_skipped,False,True
EVT_001291,2024-05-07T18:34:49Z,failed,False,True
EVT_000868,2024-04-11T20:12:49Z,success,False,False
EVT_000659,2024-04-26T04:45:47Z,duplicate_skipped,True,False
EVT_004982,2024-02-18T03:38:11Z,success,False,True
EVT_003632,2024-02-04T02:56:39Z,success,False,True
EVT_000984,2024-03-05T04:55:02Z,success,False,False
EVT_000004,2024-07-01T21:50:47Z,pending,False,False
EVT_004953,2024-01-07T13:51:07Z,success,False,True
EVT_001734,2024-03-14T09:14:14Z,success,False,False
EVT_001392,2024-03-10T05:32:45Z,duplicate_skipped,True,False
EVT_002951,2024-04-23T20:56:49Z,duplicate_skipped,True,True
EVT_003744,2024-05-05T10:11:27Z,success,False,False
EVT_000697,2024-03-05T11:33:28Z,duplicate_skipped,False,True
EVT_002450,2024-02-01T13:48:30Z,success,False,True
EVT_000380,2024-05-18T15:38:55Z,duplicate_skipped,False,False
EVT_000186,2024-02-12T22:28:45Z,duplicate_skipped,True,False
EVT_004811,2024-03-21T03:14:53Z,failed,False,True
EVT_001595,2024-04-19T22:09:32Z,failed,False,True
EVT_001052,2024-03-14T00:41:17Z,failed,False,False
EVT_001787,2024-01-29T14:47:13Z,pending,False,True
EVT_003791,2024-01-04T22:40:52Z,pending,False,False
EVT_001746,2024-06-13T18:54:34Z,success,False,True
EVT_003215,2024-03-05T02:40:23Z,pending,False,False
EVT_002500,2024-06-16T02:54:10Z,pending,False,True
EVT_003920,2024-06-30T06:39:17Z,duplicate_skipped,True,True
EVT_002724,2024-03-18T18:14:25Z,failed,False,False
EVT_004962,2024-01-10T09:12:21Z,success,False,False
EVT_004585,2024-05-09T10:21:30Z,duplicate_skipped,False,True
EVT_002778,2024-06-22T02:50:48Z,duplicate_skipped,True,True
EVT_002969,2024-04-15T06:36:59Z,pending,False,True
EVT_004204,2024-05-25T01:52:39Z,pending,False,True
EVT_003281,2024-04-10T11:31:23Z,failed,False,True
EVT_004947,2024-06-28T22:54:25Z,pending,False,False
EVT_000258,2024-03-15T16:14:47Z,duplicate_skipped,False,False
EVT_001420,2024-03-06T17:56:55Z,duplicate_skipped,True,True
EVT_000622,2024-04-25T14:43:39Z,failed,False,True
EVT_000864,2024-06-05T03:42:58Z,success,False,False
EVT_004873,2024-04-25T19:30:40Z,duplicate_skipped,True,True
EVT_000689,2024-02-19T18:17:57Z,duplicate_skipped,False,False
EVT_000913,2024-02-11T12:26:35Z,success,False,False
EVT_000116,2024-06-23T18:54:56Z,duplicate_skipped,False,True
EVT_002330,2024-05-26T21:17:13Z,duplicate_skipped,True,True
EVT_004056,2024-01-20T16:03:32Z,duplicate_skipped,False,False
EVT_004242,2024-03-28T15:58:11Z,duplicate_skipped,True,True
EVT_002738,2024-01-15T01:54:47Z,duplicate_skipped,True,True
EVT_002008,2024-01-02T14:43:55Z,duplicate_skipped,False,True
EVT_003972,2024-01-03T02:08:56Z,duplicate_skipped,False,True
EVT_003397,2024-03-15T20:26:42Z,success,False,True
EVT_001637,2024-06-10T01:18:46Z,failed,False,True
EVT_001175,2024-04-15T14:49:10Z,pending,False,True
EVT_004383,2024-04-21T17:58:49Z,success,False,False
EVT_002103,2024-04-09T03:19:56Z,duplicate_skipped,False,True
EVT_003560,2024-02-08T19:09:12Z,success,False,False
EVT_003408,2024-04-15T06:08:14Z,pending,False,False
EVT_000675,2024-01-24T20:13:03Z,failed,False,True
EVT_000064,2024-05-05T08:30:53Z,pending,False,True
EVT_003067,2024-05-16T19:00:06Z,failed,False,True
EVT_003373,2024-06-05T06:05:50Z,pending,False,True
EVT_000415,2024-02-11T09:39:29Z,duplicate_skipped,False,True
EVT_000057,2024-03-13T07:06:38Z,pending,False,False
EVT_004000,2024-03-31T17:46:28Z,duplicate_skipped,False,False
EVT_003690,2024-06-29T14:09:20Z,duplicate_skipped,True,True
EVT_003687,2024-03-08T23:57:49Z,duplicate_skipped,True,False
EVT_004956,2024-06-12T01:02:54Z,success,False,False
EVT_000930,2024-02-04T04:47:38Z,pending,False,False
EVT_000387,2024-02-03T06:12:25Z,duplicate_skipped,False,True
EVT_000681,2024-01-25T00:06:38Z,duplicate_skipped,False,True
EVT_000528,2024-05-20T19:25:48Z,failed,False,True
EVT_002474,2024-05-11T22:35:29Z,pending,False,True
EVT_001317,2024-03-22T03:27:55Z,pending,False,True
EVT_001806,2024-05-29T22:51:14Z,failed,False,True
EVT_004313,2024-05-02T15:36:28Z,success,False,True
EVT_004135,2024-04-06T16:39:05Z,duplicate_skipped,False,True
EVT_000408,2024-04-22T12:15:34Z,failed,False,False
EVT_004329,2024-06-05T06:47:49Z,success,False,False
EVT_003670,2024-06-04T10:15:26Z,pending,False,True
EVT_003264,2024-05-28T08:02:55Z,failed,False,False
EVT_004710,2024-04-01T00:24:13Z,duplicate_skipped,True,False
EVT_001173,2024-03-12T17:39:46Z,success,False,True
EVT_000307,2024-04-08T10:45:46Z,duplicate_skipped,False,True
EVT_000709,2024-06-08T05:54:11Z,pending,False,False
EVT_003664,2024-06-12T08:08:49Z,failed,False,False
EVT_004324,2024-04-02T00:07:47Z,duplicate_skipped,False,True
EVT_001623,2024-03-30T00:07:58Z,success,False,False
EVT_004021,2024-06-20T13:04:38Z,success,False,True
EVT_002395,2024-06-07T15:48:10Z,pending,False,False
EVT_003353,2024-06-29T09:52:26Z,failed,False,True
EVT_004943,2024-02-01T18:38:07Z,failed,False,True
EVT_002954,2024-03-20T19:48:57Z,pending,False,True
EVT_000511,2024-03-31T00:18:37Z,success,False,True
EVT_003831,2024-04-08T12:33:02Z,pending,False,True
EVT_003820,2024-01-14T12:11:44Z,duplicate_skipped,False,True
EVT_002159,2024-03-19T00:48:19Z,duplicate_skipped,True,True
EVT_000319,2024-01-28T13:32:55Z,failed,False,False
EVT_000428,2024-04-20T10:25:13Z,duplicate_skipped,True,True
EVT_002635,2024-01-10T07:07:08Z,success,False,True
EVT_000952,2024-02-20T11:27:55Z,duplicate_skipped,False,True
EVT_001329,2024-05-03T10:33:09Z,failed,False,False
EVT_001786,2024-02-18T02:44:56Z,duplicate_skipped,False,False
EVT_001511,2024-02-28T13:09:59Z,pending,False,False
EVT_004199,2024-01-14T22:06:55Z,success,False,False
EVT_003158,2024-06-15T21:53:02Z,duplicate_skipped,False,True
EVT_004588,2024-05-31T17:11:17Z,failed,False,True
EVT_003883,2024-05-01T03:17:45Z,pending,False,True
EVT_000524,2024-06-28T00:18:12Z,success,False,False
EVT_004417,2024-03-27T17:12:13Z,success,False,True
EVT_003278,2024-06-05T06:54:39Z,failed,False,False
EVT_004733,2024-01-29T20:57:30Z,duplicate_skipped,False,False
EVT_004273,2024-01-04T12:02:45Z,duplicate_skipped,False,False
EVT_003587,2024-02-26T09:39:45Z,duplicate_skipped,False,False
EVT_000958,2024-04-06T20:59:10Z,duplicate_skipped,False,True
EVT_004729,2024-04-18T07:32:35Z,duplicate_skipped,True,False
EVT_000818,2024-02-22T08:58:13Z,duplicate_skipped,False,True
EVT_003233,2024-05-26T16:19:24Z,failed,False,True
EVT_000655,2024-04-06T11:44:03Z,pending,False,False
EVT_003021,2024-01-20T10:00:08Z,failed,False,True
EVT_002259,2024-06-06T02:28:31Z,pending,False,True
EVT_001923,2024-05-21T15:18:07Z,success,False,False
EVT_000487,2024-02-03T09:47:12Z,success,False,True
EVT_002585,2024-06-25T15:03:54Z,success,False,True
EVT_003029,2024-03-05T07:43:22Z,pending,False,True
EVT_000797,2024-05-23T01:46:42Z,duplicate_skipped,False,True
EVT_001622,2024-05-02T13:29:37Z,success,False,True
EVT_000727,2024-06-03T16:25:01Z,failed,False,False
EVT_002452,2024-05-25T06:52:29Z,duplicate_skipped,False,False
EVT_004855,2024-01-08T16:41:50Z,duplicate_skipped,False,False
EVT_004845,2024-03-28T13:48:34Z,failed,False,True
EVT_002439,2024-01-14T20:45:41Z,success,False,True
EVT_001467,2024-06-24T13:59:48Z,pending,False,False
EVT_004859,2024-06-25T12:15:01Z,pending,False,True
EVT_001199,2024-03-27T09:19:12Z,failed,False,False
EVT_003936,2024-02-16T06:16:37Z,failed,False,True
EVT_001079,2024-06-21T17:01:13Z,pending,False,True
EVT_004450,2024-06-21T19:13:35Z,pending,False,False
EVT_003468,2024-02-17T03:34:51Z,success,False,False
EVT_002067,2024-03-30T22:02:50Z,failed,False,True
EVT_002781,2024-03-21T08:44:15Z,failed,False,True
EVT_003719,2024-06-28T16:28:14Z,failed,False,False
EVT_003607,2024-05-15T07:59:43Z,duplicate_skipped,True,False
EVT_003775,2024-03-23T03:25:45Z,failed,False,True
EVT_003897,2024-05-30T03:18:19Z,failed,False,False
EVT_004694,2024-05-08T01:50:44Z,success,False,True
EVT_004180,2024-04-27T11:22:34Z,duplicate_skipped,True,True
EVT_004638,2024-06-14T23:41:26Z,duplicate_skipped,True,True
EVT_001865,2024-02-24T00:41:04Z,duplicate_skipped,False,True
EVT_003157,2024-04-04T18:05:47Z,success,False,True
EVT_003315,2024-05-05T15:53:49Z,success,False,True
EVT_003452,2024-05-24T21:59:04Z,duplicate_skipped,True,False
EVT_004628,2024-05-18T18:53:27Z,failed,False,True
EVT_000131,2024-04-02T03:53:04Z,duplicate_skipped,True,True
EVT_003232,2024-04-22T07:56:17Z,failed,False,False
EVT_001403,2024-02-24T05:15:38Z,pending,False,True
EVT_004804,2024-05-28T18:48:43Z,pending,False,False
EVT_000015,2024-01-17T17:31:19Z,success,False,True
EVT_000314,2024-01-19T04:48:56Z,duplicate_skipped,False,False
EVT_002871,2024-01-04T17:01:49Z,duplicate_skipped,False,True
EVT_003363,2024-05-04T06:20:42Z,success,False,True
EVT_001154,2024-03-25T23:15:49Z,failed,False,True
EVT_004537,2024-04-05T02:34:50Z,failed,False,True
EVT_004208,2024-04-04T11:44:49Z,failed,False,False
EVT_002732,2024-01-21T09:03:14Z,duplicate_skipped,False,True
EVT_000969,2024-01-27T08:48:05Z,failed,False,True
EVT_001146,2024-03-30T07:27:34Z,pending,False,False
EVT_001824,2024-04-11T21:50:33Z,failed,False,False
EVT_001989,2024-01-24T16:17:20Z,duplicate_skipped,False,False
EVT_002649,2024-04-24T05:04:24Z,duplicate_skipped,True,True
EVT_003722,2024-06-03T06:40:41Z,duplicate_skipped,True,True
EVT_004333,2024-05-07T15:35:14Z,failed,False,True
EVT_001736,2024-06-13T09:22:00Z,pending,False,True
EVT_003285,2024-06-18T02:09:14Z,pending,False,False
EVT_000604,2024-01-13T01:13:57Z,duplicate_skipped,False,True
EVT_004215,2024-04-23T16:26:35Z,duplicate_skipped,True,True
EVT_001198,2024-06-11T22:16:43Z,success,False,False
EVT_002672,2024-05-13T07:29:24Z,success,False,True
EVT_001592,2024-04-21T21:37:04Z,duplicate_skipped,False,True
EVT_000937,2024-04-24T19:18:36Z,success,False,True
EVT_003405,2024-02-18T21:41:18Z,success,False,True
EVT_004831,2024-05-29T16:00:01Z,failed,False,True
EVT_002794,2024-04-11T09:09:35Z,failed,False,False
EVT_002369,2024-04-03T01:09:52Z,duplicate_skipped,False,True
EVT_004360,2024-03-09T15:26:50Z,failed,False,True
EVT_001270,2024-02-19T11:57:00Z,failed,False,True
EVT_004572,2024-04-03T23:06:54Z,duplicate_skipped,False,True
EVT_004964,2024-04-08T12:14:05Z,duplicate_skipped,False,True
EVT_002933,2024-06-13T05:14:29Z,success,False,False
EVT_000976,2024-02-29T10:28:26Z,success,False,True
EVT_003700,2024-01-21T18:59:53Z,success,False,True
EVT_004692,2024-03-29T14:30:24Z,duplicate_skipped,False,True
EVT_003007,2024-02-11T17:33:58Z,pending,False,True
EVT_004234,2024-05-22T10:37:39Z,duplicate_skipped,False,True
EVT_000810,2024-04-08T15:22:12Z,duplicate_skipped,True,True
EVT_003533,2024-03-09T03:43:16Z,failed,False,True
EVT_002626,2024-03-27T08:59:48Z,failed,False,True
EVT_002681,2024-01-27T05:50:56Z,duplicate_skipped,True,False
EVT_004665,2024-05-11T07:49:57Z,duplicate_skipped,False,False
EVT_003198,2024-04-10T01:11:41Z,duplicate_skipped,False,False
EVT_000436,2024-03-02T06:46:18Z,pending,False,False
EVT_002385,2024-02-29T10:44:40Z,duplicate_skipped,False,False
EVT_003432,2024-03-02T07:52:06Z,duplicate_skipped,False,True
EVT_000702,2024-01-20T08:26:04Z,success,False,False
EVT_000020,2024-04-08T14:21:40Z,success,False,True
EVT_002815,2024-06-11T10:02:49Z,duplicate_skipped,True,True
EVT_003599,2024-06-05T02:52:50Z,success,False,True
EVT_002771,2024-05-14T17:35:32Z,success,False,True
EVT_003297,2024-05-16T00:12:18Z,duplicate_skipped,True,True
EVT_001200,2024-01-25T16:34:55Z,pending,False,True
EVT_000390,2024-04-28T00:02:49Z,duplicate_skipped,False,False
EVT_004751,2024-06-02T02:49:34Z,failed,False,False
EVT_004101,2024-04-15T00:11:09Z,duplicate_skipped,False,True
EVT_000449,2024-01-13T06:09:27Z,pending,False,False
EVT_001290,2024-04-26T13:17:04Z,success,False,True
EVT_001781,2024-02-24T07:51:19Z,duplicate_skipped,True,True
EVT_004094,2024-05-19T12:16:54Z,pending,False,True
EVT_004368,2024-01-12T03:10:52Z,success,False,True
EVT_001346,2024-04-04T16:34:25Z,duplicate_skipped,True,True
EVT_003206,2024-05-18T10:56:49Z,duplicate_skipped,False,True
EVT_003679,2024-06-10T12:05:15Z,duplicate_skipped,False,True
EVT_004600,2024-03-27T16:24:18Z,failed,False,True
EVT_000101,2024-04-22T07:53:38Z,success,False,False
EVT_001281,2024-06-08T19:32:06Z,failed,False,False
EVT_003049,2024-01-06T04:56:05Z,failed,False,True
EVT_003174,2024-03-22T19:14:23Z,success,False,True
EVT_000208,2024-06-02T06:46:48Z,pending,False,False
EVT_001515,2024-01-19T23:52:26Z,pending,False,True
EVT_003818,2024-06-24T06:26:51Z,success,False,False
EVT_001185,2024-02-26T18:50:35Z,pending,False,False
EVT_001835,2024-06-21T03:05:36Z,failed,False,True
EVT_003884,2024-04-06T14:24:34Z,pending,False,True
EVT_000881,2024-06-09T07:44:39Z,success,False,True
EVT_001829,2024-06-17T23:20:21Z,failed,False,True
EVT_000354,2024-03-16T13:19:30Z,duplicate_skipped,True,True
EVT_003496,2024-04-29T19:27:56Z,pending,False,True
EVT_002165,2024-05-11T08:46:25Z,pending,False,True
EVT_002113,2024-04-15T04:57:52Z,success,False,False
EVT_002230,2024-01-31T06:24:04Z,success,False,True
EVT_001036,2024-02-08T11:26:06Z,failed,False,True
EVT_002960,2024-04-13T21:18:36Z,duplicate_skipped,True,False
EVT_001269,2024-01-21T16:52:38Z,success,False,False
EVT_004790,2024-04-21T08:53:20Z,pending,False,True
EVT_000815,2024-02-24T02:25:05Z,failed,False,True
EVT_003381,2024-02-20T13:05:27Z,pending,False,True
EVT_000134,2024-02-02T09:17:19Z,duplicate_skipped,False,False
EVT_001607,2024-07-01T04:53:39Z,success,False,True
EVT_001550,2024-03-26T09:15:30Z,pending,False,True
EVT_001578,2024-03-22T10:22:23Z,success,False,True
EVT_004424,2024-05-09T11:45:30Z,duplicate_skipped,False,True
EVT_000119,2024-02-25T15:37:15Z,duplicate_skipped,True,True
EVT_004435,2024-04-09T09:27:30Z,duplicate_skipped,True,False
EVT_004224,2024-03-26T06:48:27Z,failed,False,True
EVT_000179,2024-02-29T21:10:26Z,duplicate_skipped,True,True
EVT_000545,2024-03-05T20:24:39Z,duplicate_skipped,True,True
EVT_004407,2024-06-17T20:59:31Z,duplicate_skipped,False,True
EVT_001027,2024-05-19T11:42:22Z,success,False,True
EVT_001548,2024-04-18T21:49:22Z,duplicate_skipped,False,False
EVT_000147,2024-02-28T22:43:53Z,failed,False,True
EVT_004579,2024-02-11T11:58:09Z,failed,False,False
EVT_002703,2024-01-01T14:47:01Z,duplicate_skipped,False,False
EVT_004194,2024-01-20T20:36:58Z,duplicate_skipped,True,True
EVT_001655,2024-02-08T02:20:24Z,duplicate_skipped,False,True
EVT_001424,2024-02-03T04:22:36Z,success,False,True
EVT_002247,2024-05-02T13:20:47Z,success,False,False
EVT_002948,2024-04-19T06:55:06Z,pending,False,True
EVT_003561,2024-06-06T23:57:24Z,pending,False,False
EVT_000841,2024-01-12T21:52:16Z,duplicate_skipped,False,False
EVT_000285,2024-05-05T21:00:32Z,duplicate_skipped,False,True
EVT_003949,2024-02-12T10:59:06Z,success,False,True
EVT_003769,2024-06-21T23:03:40Z,duplicate_skipped,True,True
EVT_000625,2024-05-29T22:26:21Z,duplicate_skipped,False,False
EVT_001357,2024-05-20T05:52:17Z,duplicate_skipped,False,True
EVT_002686,2024-01-30T21:47:46Z,failed,False,True
EVT_000492,2024-01-13T06:07:59Z,success,False,False
EVT_004951,2024-05-10T21:13:40Z,duplicate_skipped,False,True
EVT_001384,2024-02-22T04:41:42Z,success,False,True
EVT_003864,2024-03-09T11:44:49Z,success,False,True
EVT_003130,2024-05-24T19:54:29Z,success,False,False
EVT_000658,2024-01-29T04:25:57Z,duplicate_skipped,False,False
EVT_003788,2024-01-07T12:05:08Z,duplicate_skipped,False,True
EVT_000986,2024-06-10T15:44:13Z,duplicate_skipped,False,True
EVT_000973,2024-04-13T17:15:16Z,duplicate_skipped,False,True
EVT_003255,2024-03-13T13:24:34Z,success,False,True
EVT_001295,2024-03-04T20:25:41Z,duplicate_skipped,False,True
EVT_001026,2024-05-17T08:57:31Z,failed,False,True
EVT_000698,2024-03-15T21:36:01Z,duplicate_skipped,True,False
EVT_001136,2024-02-03T17:08:58Z,duplicate_skipped,False,False
EVT_003720,2024-03-09T16:41:17Z,success,False,True
EVT_004557,2024-01-25T10:59:13Z,success,False,False
EVT_004378,2024-03-12T12:41:20Z,duplicate_skipped,False,False
EVT_002054,2024-06-26T00:20:44Z,success,False,True
EVT_003752,2024-01-07T18:10:29Z,success,False,False
EVT_004423,2024-06-02T02:50:31Z,success,False,False
EVT_004805,2024-01-14T16:05:57Z,success,False,True
EVT_002451,2024-05-08T10:55:18Z,duplicate_skipped,False,True
EVT_003043,2024-05-31T00:24:11Z,success,False,True
EVT_002573,2024-06-09T05:24:39Z,success,False,True
EVT_002031,2024-06-25T19:24:19Z,success,False,True
EVT_000991,2024-03-26T13:31:47Z,pending,False,False
EVT_004129,2024-02-02T00:40:20Z,duplicate_skipped,False,True
EVT_000813,2024-05-07T23:39:43Z,success,False,False
EVT_003659,2024-01-30T09:41:51Z,duplicate_skipped,False,True
EVT_000213,2024-04-24T23:59:42Z,pending,False,False
EVT_003662,2024-06-30T14:35:50Z,pending,False,True
EVT_002983,2024-03-12T19:50:55Z,duplicate_skipped,False,True
EVT_003210,2024-04-20T00:39:15Z,duplicate_skipped,True,False
EVT_004038,2024-02-24T12:40:29Z,failed,False,False
EVT_004549,2024-04-08T23:20:32Z,success,False,False
EVT_001839,2024-03-11T02:46:44Z,pending,False,True
EVT_003387,2024-06-18T12:13:45Z,failed,False,False
EVT_004922,2024-06-02T07:49:40Z,pending,False,False
EVT_000554,2024-01-24T11:05:30Z,success,False,False
EVT_001887,2024-05-28T17:55:57Z,pending,False,True
EVT_003420,2024-01-04T10:26:01Z,duplicate_skipped,False,True
EVT_002973,2024-01-14T13:12:59Z,duplicate_skipped,False,False
EVT_001191,2024-01-08T09:34:54Z,pending,False,True
EVT_003302,2024-06-13T04:16:43Z,failed,False,False
EVT_004610,2024-06-06T05:22:11Z,pending,False,False
EVT_001367,2024-03-27T03:04:45Z,success,False,False
EVT_003672,2024-06-12T23:40:55Z,success,False,True
EVT_001644,2024-02-21T13:05:15Z,pending,False,False
EVT_000586,2024-04-28T19:04:08Z,success,False,False
EVT_002700,2024-03-04T11:36:44Z,duplicate_skipped,False,True
EVT_004565,2024-05-05T08:11:01Z,pending,False,True
EVT_002913,2024-02-28T01:42:59Z,success,False,True
EVT_000518,2024-04-16T23:47:51Z,failed,False,False
EVT_002530,2024-06-14T10:54:35Z,success,False,True
EVT_004075,2024-01-27T10:30:56Z,pending,False,True
EVT_003652,2024-03-31T08:33:52Z,success,False,False
EVT_001828,2024-02-04T21:15:10Z,pending,False,True
EVT_001254,2024-05-29T01:16:29Z,duplicate_skipped,False,True
EVT_001301,2024-04-25T12:53:54Z,failed,False,True
EVT_000699,2024-02-16T09:25:05Z,duplicate_skipped,True,True
EVT_003333,2024-01-23T01:14:42Z,failed,False,True
EVT_002191,2024-02-29T06:17:16Z,pending,False,False
EVT_000880,2024-03-29T21:01:16Z,success,False,True
EVT_002949,2024-06-30T11:32:03Z,success,False,False
EVT_001733,2024-03-26T17:26:15Z,duplicate_skipped,True,False
EVT_004055,2024-05-28T02:25:54Z,success,False,True
EVT_003124,2024-04-11T13:12:02Z,pending,False,False
EVT_003801,2024-05-30T19:29:17Z,duplicate_skipped,False,False
EVT_003182,2024-01-29T05:58:47Z,success,False,False
EVT_003498,2024-03-17T17:22:30Z,duplicate_skipped,True,False
EVT_003932,2024-05-08T13:17:24Z,duplicate_skipped,False,True
EVT_004501,2024-01-08T15:24:17Z,failed,False,True
EVT_004899,2024-05-28T00:11:54Z,duplicate_skipped,True,False
EVT_000135,2024-05-30T13:31:06Z,failed,False,True
EVT_004911,2024-03-04T07:04:55Z,duplicate_skipped,False,True
EVT_002476,2024-02-20T04:25:43Z,duplicate_skipped,True,True
EVT_004344,2024-03-20T13:34:39Z,failed,False,False
EVT_001240,2024-06-05T17:54:26Z,duplicate_skipped,True,False
EVT_003059,2024-05-14T04:44:39Z,success,False,True
EVT_004703,2024-04-10T15:03:15Z,pending,False,False
EVT_002420,2024-03-16T22:08:24Z,success,False,True
EVT_000438,2024-03-27T16:07:39Z,duplicate_skipped,True,False
EVT_000289,2024-05-13T21:35:47Z,success,False,True
EVT_002089,2024-04-10T08:11:59Z,duplicate_skipped,True,False
EVT_002312,2024-06-28T05:10:57Z,duplicate_skipped,False,True
EVT_004342,2024-05-04T03:21:49Z,duplicate_skipped,True,False
EVT_000527,2024-03-22T00:15:05Z,duplicate_skipped,True,False
EVT_000612,2024-01-05T20:50:33Z,failed,False,False
EVT_000502,2024-06-28T01:15:24Z,failed,False,False
EVT_004373,2024-03-07T23:24:43Z,success,False,False
EVT_001006,2024-04-05T15:40:35Z,success,False,True
EVT_000847,2024-01-13T17:20:04Z,pending,False,True
EVT_000481,2024-04-22T11:41:05Z,duplicate_skipped,False,False
EVT_000819,2024-01-08T15:37:36Z,success,False,False
EVT_003829,2024-04-27T21:26:08Z,pending,False,True
EVT_002950,2024-06-27T10:03:11Z,success,False,True
